{
    "include": [
        "allCells"
    ],
    "lineWidth": 0.1,
    "posX": [
        [
            0.42,
            0.67,
            0.84
        ],
        [
            0.9,
            0.32,
            0.0
        ],
        [
            0.5,
            0.2,
            0.0
        ],
        [
            0.9,
            0.76,
            0.0
        ],
        [
            0.0,
            0.2,
            0.5
        ],
        [
            0.9,
            0.32,
            0.0
        ],
        [
            0.9,
            0.59,
            0.0
        ],
        [
            0.42,
            0.82,
            0.83
        ],
        [
            0.34,
            0.67,
            0.67
        ],
        [
            0.33,
            0.67,
            0.47
        ],
        [
            0.9,
            0.59,
            0.0
        ],
        [
            0.9,
            0.32,
            0.0
        ],
        [
            1.0,
            0.85,
            0.0
        ],
        [
            0.33,
            0.67,
            0.47
        ],
        [
            0.42,
            0.83,
            0.59
        ],
        [
            0.71,
            0.82,
            0.41
        ],
        [
            1.0,
            0.38,
            0.6
        ],
        [
            1.0,
            0.38,
            0.6
        ],
        [
            1.0,
            0.38,
            0.6
        ],
        [
            0.33,
            0.67,
            0.47
        ],
        [
            0.9,
            0.76,
            0.0
        ],
        [
            1.0,
            0.38,
            0.6
        ],
        [
            0.57,
            0.67,
            0.33
        ],
        [
            1.0,
            0.38,
            0.6
        ],
        [
            0.0,
            0.2,
            0.5
        ],
        [
            0.0,
            0.2,
            0.5
        ],
        [
            0.7,
            0.32,
            0.1
        ]
    ],
    "posXpost": [],
    "posXpre": [],
    "posY": [
        424.7283935825365,
        373.4887232996151,
        73.75034790799386,
        379.7680957842223,
        234.12627462627242,
        404.8461646802688,
        77.05842389262995,
        170.2963010843259,
        103.88001151279768,
        139.56394068016726,
        345.6492393065481,
        59.87214093987338,
        409.10852864904354,
        249.19586612414219,
        331.36150380731243,
        211.94781484962562,
        240.63493890499484,
        381.6880135811992,
        172.48586819732267,
        166.1264429723234,
        81.40281211111582,
        196.10661442470663,
        333.77461918255545,
        3.5765701133822936,
        76.13648093897653,
        127.82942066182515,
        383.4498969712774
    ],
    "posYpost": [],
    "posYpre": [],
    "saveData": "../data/v0_batch1/v0_batch1_0_xz.json",
    "saveFig": "../data/v0_batch1/v0_batch1_0_xz.png",
    "showFig": true
}