{
    "include": [
        "allCells"
    ],
    "lineWidth": 0.1,
    "posX": [
        [
            0.42,
            0.67,
            0.84
        ],
        [
            0.9,
            0.32,
            0.0
        ],
        [
            0.5,
            0.2,
            0.0
        ],
        [
            0.9,
            0.76,
            0.0
        ],
        [
            0.0,
            0.2,
            0.5
        ],
        [
            0.9,
            0.32,
            0.0
        ],
        [
            0.9,
            0.59,
            0.0
        ],
        [
            0.42,
            0.82,
            0.83
        ],
        [
            0.34,
            0.67,
            0.67
        ],
        [
            0.33,
            0.67,
            0.47
        ],
        [
            0.9,
            0.59,
            0.0
        ],
        [
            0.9,
            0.32,
            0.0
        ],
        [
            1.0,
            0.85,
            0.0
        ],
        [
            0.33,
            0.67,
            0.47
        ],
        [
            0.42,
            0.83,
            0.59
        ],
        [
            0.71,
            0.82,
            0.41
        ],
        [
            1.0,
            0.38,
            0.6
        ],
        [
            1.0,
            0.38,
            0.6
        ],
        [
            1.0,
            0.38,
            0.6
        ],
        [
            0.33,
            0.67,
            0.47
        ],
        [
            0.9,
            0.76,
            0.0
        ],
        [
            1.0,
            0.38,
            0.6
        ],
        [
            0.57,
            0.67,
            0.33
        ],
        [
            1.0,
            0.38,
            0.6
        ],
        [
            0.0,
            0.2,
            0.5
        ],
        [
            0.0,
            0.2,
            0.5
        ],
        [
            0.7,
            0.32,
            0.1
        ]
    ],
    "posXpost": [],
    "posXpre": [],
    "posY": [
        208.46260490764334,
        212.1812481997485,
        209.06258475643057,
        216.65143049515518,
        212.60278889624337,
        178.43510641942845,
        227.28460014254676,
        206.81128959407766,
        171.83613402036107,
        198.53116931468918,
        189.27747845749428,
        214.94434740925573,
        221.6863964261193,
        180.0187084813,
        211.428438123579,
        211.00150109998847,
        179.72476317874046,
        213.36221730303896,
        191.90738971011075,
        174.90986963078615,
        222.90166859218343,
        201.31069575730928,
        204.1716058260734,
        188.09610951101965,
        220.23151392730148,
        177.85583780033147,
        636.8513504520917
    ],
    "posYpost": [],
    "posYpre": [],
    "saveData": "../data/v0_batch1/v0_batch1_0_xy.json",
    "saveFig": "../data/v0_batch1/v0_batch1_0_xy.png",
    "showFig": true
}